id,name,model_id:id,group_id:id,perm_read,perm_write,perm_create,perm_unlink
access_stocksense_warehouse_user,stocksense.warehouse.user,model_stocksense_warehouse,group_stocksense_user,1,0,0,0
access_stocksense_warehouse_manager,stocksense.warehouse.manager,model_stocksense_warehouse,group_stocksense_manager,1,1,1,1
access_stocksense_location_user,stocksense.location.user,model_stocksense_location,group_stocksense_user,1,0,0,0
access_stocksense_location_manager,stocksense.location.manager,model_stocksense_location,group_stocksense_manager,1,1,1,1
access_stocksense_category_user,stocksense.product.category.user,model_stocksense_product_category,group_stocksense_user,1,0,0,0
access_stocksense_category_manager,stocksense.product.category.manager,model_stocksense_product_category,group_stocksense_manager,1,1,1,1
access_stocksense_product_user,stocksense.product.user,model_stocksense_product,group_stocksense_user,1,0,0,0
access_stocksense_product_manager,stocksense.product.manager,model_stocksense_product,group_stocksense_manager,1,1,1,1
access_stocksense_quant_user,stocksense.quant.user,model_stocksense_quant,group_stocksense_user,1,0,0,0
access_stocksense_quant_manager,stocksense.quant.manager,model_stocksense_quant,group_stocksense_manager,1,1,1,1
access_stocksense_receipt_user,stocksense.receipt.user,model_stocksense_receipt,group_stocksense_user,1,1,1,0
access_stocksense_receipt_manager,stocksense.receipt.manager,model_stocksense_receipt,group_stocksense_manager,1,1,1,1
access_stocksense_receipt_line_user,stocksense.receipt.line.user,model_stocksense_receipt_line,group_stocksense_user,1,1,1,1
access_stocksense_receipt_line_manager,stocksense.receipt.line.manager,model_stocksense_receipt_line,group_stocksense_manager,1,1,1,1
access_stocksense_delivery_user,stocksense.delivery.user,model_stocksense_delivery,group_stocksense_user,1,1,1,0
access_stocksense_delivery_manager,stocksense.delivery.manager,model_stocksense_delivery,group_stocksense_manager,1,1,1,1
access_stocksense_delivery_line_user,stocksense.delivery.line.user,model_stocksense_delivery_line,group_stocksense_user,1,1,1,1
access_stocksense_delivery_line_manager,stocksense.delivery.line.manager,model_stocksense_delivery_line,group_stocksense_manager,1,1,1,1
access_stocksense_transfer_user,stocksense.transfer.user,model_stocksense_transfer,group_stocksense_user,1,1,1,0
access_stocksense_transfer_manager,stocksense.transfer.manager,model_stocksense_transfer,group_stocksense_manager,1,1,1,1
access_stocksense_transfer_line_user,stocksense.transfer.line.user,model_stocksense_transfer_line,group_stocksense_user,1,1,1,1
access_stocksense_transfer_line_manager,stocksense.transfer.line.manager,model_stocksense_transfer_line,group_stocksense_manager,1,1,1,1
access_stocksense_adjustment_user,stocksense.adjustment.user,model_stocksense_adjustment,group_stocksense_user,1,1,1,0
access_stocksense_adjustment_manager,stocksense.adjustment.manager,model_stocksense_adjustment,group_stocksense_manager,1,1,1,1
access_stocksense_adjustment_line_user,stocksense.adjustment.line.user,model_stocksense_adjustment_line,group_stocksense_user,1,1,1,1
access_stocksense_adjustment_line_manager,stocksense.adjustment.line.manager,model_stocksense_adjustment_line,group_stocksense_manager,1,1,1,1
access_stocksense_stock_ledger_user,stocksense.stock.ledger.user,model_stocksense_stock_ledger,group_stocksense_user,1,0,1,0
access_stocksense_stock_ledger_manager,stocksense.stock.ledger.manager,model_stocksense_stock_ledger,group_stocksense_manager,1,0,1,0
access_stocksense_alert_user,stocksense.inventory.alert.user,model_stocksense_inventory_alert,group_stocksense_user,1,1,1,0
access_stocksense_alert_manager,stocksense.inventory.alert.manager,model_stocksense_inventory_alert,group_stocksense_manager,1,1,1,1
access_stocksense_outbox_user,stocksense.event.outbox.user,model_stocksense_event_outbox,group_stocksense_user,1,1,1,0
access_stocksense_outbox_manager,stocksense.event.outbox.manager,model_stocksense_event_outbox,group_stocksense_manager,1,1,1,1
access_stocksense_audit_trail_user,stocksense.audit.trail.user,model_stocksense_audit_trail,group_stocksense_user,1,0,1,0
access_stocksense_audit_trail_manager,stocksense.audit.trail.manager,model_stocksense_audit_trail,group_stocksense_manager,1,0,1,0
access_stocksense_simulation_user,stocksense.simulation.scenario.user,model_stocksense_simulation_scenario,group_stocksense_user,1,1,1,1
access_stocksense_simulation_manager,stocksense.simulation.scenario.manager,model_stocksense_simulation_scenario,group_stocksense_manager,1,1,1,1
access_stocksense_ocr_doc_user,stocksense.ocr.document.user,model_stocksense_ocr_document,group_stocksense_user,1,1,1,0
access_stocksense_ocr_doc_manager,stocksense.ocr.document.manager,model_stocksense_ocr_document,group_stocksense_manager,1,1,1,1
access_stocksense_ocr_line_user,stocksense.ocr.line.user,model_stocksense_ocr_line,group_stocksense_user,1,1,1,1
access_stocksense_ocr_line_manager,stocksense.ocr.line.manager,model_stocksense_ocr_line,group_stocksense_manager,1,1,1,1
